target_id,sequence,description
100d,CGCG,Reconstructed from PDB
104d,CGCGCGCG,Reconstructed from PDB
1ac3,GGGGGGGGCCCCCCCCGGGGGGGGCCCCCCCCAAAAAAAAAAAAAAAAAAAAAAAAAAAAAAAACCCCCCCCGGGGGGGGCCCCCCCCGGGGGGGG,Reconstructed from PDB
1ac3 (1),GGGGGGGGCCCCCCCCGGGGGGGGCCCCCCCCAAAAAAAAAAAAAAAAAAAAAAAAAAAAAAAACCCCCCCCGGGGGGGGCCCCCCCCGGGGGGGG,Reconstructed from PDB
1afx,GGGGGGGGGGGGGGGGGGGGGGGGGGUUUUUUUUUUUUUGGGGGGGGGGGGGUUUUUUUUUUUUUGGGGGGGGGGGGGAAAAAAAAAAAAAAAAAAAAAAAAAACCCCCCCCCCCCCAAAAAAAAAAAAACCCCCCCCCCCCCCCCCCCCCCCCCC,Reconstructed from PDB
1al5,CCCCCCCCCCCCCCCCCCCCCCCCGGGGGGGGGGGGGGGGGGGGGGGGCCCCCCCCCCCCCCCCCCCCCCCCAAAAAAAAAAAAAAAAAAAAAAAAAAAAAAAAAAAAAAAAAAAAAAAAAAAAAAAAAAAAAAAAAAAAAAAAUUUUUUUUUUUUUUUUUUUUUUUUUUUUUUUUUUUUUUUUUUUUUUUUUUUUUUUUUUUUUUUUUUUUUUUUGGGGGGGGGGGGGGGGGGGGGGGGCCCCCCCCCCCCCCCCCCCCCCCCGGGGGGGGGGGGGGGGGGGGGGGG,Reconstructed from PDB
1b23,GGCGCGUAACAAAGCGGAUGUAGCGGAUGCAACCGUCUAGUCCGGCGACUCCGGAACGCGCCUCCA,Reconstructed from PDB
1byj,GGGGGGGGGGGGGGGGGGGGGGGGGGGGGGGGGGGGGGGGGGGGGGGGGGGGGGGGGGGGGGGGGGGGGGGGGGGGCCCCCCCCCCCCCCCCCCCCCCCCCCCCCCCCCCCCCCGGGGGGGGGGGGGGGGGGGGGGGGGGGGGGGGGGGGGGUUUUUUUUUUUUUUUUUUUUUUUUUUUUUUUUUUUUUUCCCCCCCCCCCCCCCCCCCCCCCCCCCCCCCCCCCCCCAAAAAAAAAAAAAAAAAAAAAAAAAAAAAAAAAAAAAACCCCCCCCCCCCCCCCCCCCCCCCCCCCCCCCCCCCCCAAAAAAAAAAAAAAAAAAAAAAAAAAAAAAAAAAAAAACCCCCCCCCCCCCCCCCCCCCCCCCCCCCCCCCCCCCCCCCCCCCCCCCCCCCCCCCCCCCCCCCCCCCCCCCCCCUUUUUUUUUUUUUUUUUUUUUUUUUUUUUUUUUUUUUUUUUUUUUUUUUUUUUUUUUUUUUUUUUUUUUUUUUUUUCCCCCCCCCCCCCCCCCCCCCCCCCCCCCCCCCCCCCCGGGGGGGGGGGGGGGGGGGGGGGGGGGGGGGGGGGGGGGGGGGGGGGGGGGGGGGGGGGGGGGGGGGGGGGGGGGGGGGGGGGGGGGGGGGGGGGGGGGGGGGGGGGGGGGGGGUUUUUUUUUUUUUUUUUUUUUUUUUUUUUUUUUUUUUUGGGGGGGGGGGGGGGGGGGGGGGGGGGGGGGGGGGGGGAAAAAAAAAAAAAAAAAAAAAAAAAAAAAAAAAAAAAAAAAAAAAAAAAAAAAAAAAAAAAAAAAAAAAAAAAAAAGGGGGGGGGGGGGGGGGGGGGGGGGGGGGGGGGGGGGGUUUUUUUUUUUUUUUUUUUUUUUUUUUUUUUUUUUUUUCCCCCCCCCCCCCCCCCCCCCCCCCCCCCCCCCCCCCCGGGGGGGGGGGGGGGGGGGGGGGGGGGGGGGGGGGGGGCCCCCCCCCCCCCCCCCCCCCCCCCCCCCCCCCCCCCCCCCCCCCCCCCCCCCCCCCCCCCCCCCCCCCCCCCCCC,Reconstructed from PDB
1bz3,UCAGACUUUUAAUCUGA,Reconstructed from PDB
1bzt,UCAGACUUUUAACUGA,Reconstructed from PDB
1csl,AACGGGCGCAGAAUCUGACGGUACGUUU,Reconstructed from PDB
1dhh,AGAU,Reconstructed from PDB
1drz,GGCCGGCAUGGUCCCAGCCUCCUCGCUGGCGCCGGCUGGGCAACACCAUUGCACUCCGGUGGCGAAUGGGAC,Reconstructed from PDB
1duq,GCUGGGCGCAGGCCUGACGGUACAGCGCUGGGCGCAGGCCUGACGGUACAGCGCUGGGCGCAGGCCUGACGGUACAGCGCUGGGCGCAGGCCUGACGGUACAGC,Reconstructed from PDB
1egk,AGGAGAGAGAUGGGUGCGAGAGGAGAGAGAUGGGUGCGAG,Reconstructed from PDB
1ejz,CGCUACGC,Reconstructed from PDB
1eka,GGAAGGUUGGCCUUCC,Reconstructed from PDB
1elh,UUUUUUUUUUUUGGGGGGCCCCCCCCCCCCUUUUUUGGGGGGGGGGGGCACACAACCACAGAAGGGAGGAAACGGGGCCCCCGGCUCUUUUCCCCUGGGGGGCCCCCCCCCCCCAAAAAAGGGGGGGGGGGGCCCCCCAAAAAAUUUUUU,Reconstructed from PDB
1f6z,GGAAGUUCGGUCUUCGGACCGGCUUCC,Reconstructed from PDB
1fka,UGGAGAGUUUGAUCCUGGCUCAGGGUGAACGCUGGCGGCGUGCCUAAGACAUGCAAGUCGUGCGGGCCGCGGGGUACUCCGUGGUCAGCGGCGGACGGGUGAGUAACGCGUGGGUGACCUACCCGGAAGAGGGGGACAACCCGGGGAAACUCGGGCUAAUCCCCCAUGUGGACCCGCCCCUUGGGGUGUGUCCAAAGGGCUUUGCCCGCUUCCGGAUGGGCCCGCGUCCCAUCAGCUAGUUGGUGGGGUAAUGGCCCACCAAGGCGACGACGGGUAGCCGGUCUGAGAGGAUGGCCGGCCACAGGGGCACUGAGACACGGGCCCCACUCCUACGGGAGGCAGCAGUUAGGAAUCUUCCGCAAUGGGCGCAAGCCUGACGGAGCGACGCCGCUUGGAGGAAGAAGCCCUUCGGGGUGUAAACUCCUGAACCCGGGACGAAACCCCCGACGAGGGGACUGACGGUACCGGGGUAAUAGCGCCGGCCAACUCCGUGCCAGCAGCCGCGGUAAUACGGAGGGCGCGAGCGUUACCCGCGUAAAGGGCGUGUAGGCGGCCUGGGGCGUCCCAUGUGAAAGACCACGGCUCAACCGUGGGGGAGCGUGGGAUACGCUCAGGCUAGACGGUGGGAGAGGGUGGUGGAAUUCCCGGAGUAGCGGUGAAAUGCGCAGAUACCGGGAGGAACGCCGAUGGCGAAGGCAGCCACCUGGUCCACCCGUGACGCUGAGGCGCGAAAGCGUGGGGAGCAAACCGGAUUAACCCGGGUAGUCCACGCCCUAAACGAUGCGCGCUAGGUCUCUGGGUCUCCUGGGGGCCGAAGCUAACGCGUUAAGCGCGCCGCCUGGGGAGUACGGCCGCAAGGCUGAAACUCAAAGGAAUUGACGGGGGCCCGCACAAGCGGUGGAGCAUGUGGUUUAAUUCGCGAAGAACCUUACCAGGCCUUGACAUGCUAGGGAACCCGGGUGAAAGCCUGGGGUGCCCGCGAGGGAGCCCUAGCACAGGUGCUGGGCCGUCGUCAGCUCGUGCCGUGAGGUGUUGGGUUAAGUCCCGCAACGAGCGCAACCCCCGCCGUUAGUUGCCAGCGGUUCGGCCGGGCACUCUAACGGGACUGCCCGCGAAAGCGGGAGGAAGGAGGGGACGACGUCUGGUCAGCAUGGCCCUUACGGCCUGGGCGACACACGUGCUACAAUGCCCUACAAAGCGAUGCCACCCGGCAACGGGGAGCUAAUCGCAAAAAGGUGGGCCCAGUUCGGAUUGGGGUCUGCAACCCGACCCCAUGAAGCCGGAAUCGCUAGUAAUCGCGGAUCAGCCAUGCCGCGGUGAAUACGUUCCCGGGCCUUGUACACACCGCCCGUCACGCCAUGGGAGCGGGCUCUACCCGAAGUCGCCGGGAGCCUACGGGCAGGCGCCGAGGGUAGGGCCCGUGACUGGGGCGAAGUCGUAACAAGGUAGCUGUACCGGAAGGUGCGGCUGGAUCACCUC,Reconstructed from PDB
1y26,CGCUUCAUAUAAUCCUAAUGAUAUGGUUUGGGAGUUUCUACCAAGAGCCUUAAACUCUUGAUUAUGAAGUG,Reconstructed from PDB
430d,GGGUGCUCAGUACGAGAGGAACCGCACC,Reconstructed from PDB
